CNAME,t0jaqHi39A78mM+VVVgj3y7q11o=
assets.glb,ucGYYnMlQ3b/8luFukHHqE9Xf5w=
dualreality.jpg,StfGjO0nac8dtDEOqsilILJEz40=
dualreality.webp,tZeey6eXVELoNsqnvDkmV1Hg1iY=
env.glb,IOeNP5Rn8x6RHd5kryXsxq7WrUw=
favicon.ico,qM8bSPfWB71oAH0ewJvIjVwuSEg=
index.html,PjpRLMPAKVC7uyNTgjXY5UHEEps=
index.js,Z6X7Se6YPGpO0PPu35BxG6s4AUE=
music/gameover-or-replay.mp3,voLo77iOW6aE+GuNJx7o8SZKtZA=
music/manuel-cyrill-bachinger-cute-and-sad.mp3,i93AYRpbBU+sxBDuVKmybxu6ZBQ=
skybox.jpg,v1P6Jvqr8K0mu8glVVmTSNHzBdQ=
skybox.webp,AtNIEZ3I/gROsizsqUTSsfE3AjU=